P,alpha_max,utilizacao_real,paginas_primarias,paginas_overflow,percentual_overflow,total_paginas
10,0.6,0.599988,15157,1510,9.059819,16667
10,0.75,0.749738,7148,6190,46.408757,13338
10,0.9,0.899766,2466,8648,77.811769,11114
50,0.6,0.5997,2861,474,14.212894,3335
50,0.75,0.693481,2108,776,26.907074,2884
50,0.9,0.891266,541,1703,75.891266,2244
100,0.6,0.585138,1466,243,14.218841,1709
100,0.75,0.674764,1115,367,24.763833,1482
100,0.9,0.869565,354,796,69.217391,1150
